"pid","test","drawing","input","stdev_speed","max_speed","entropy_speed","drawingtime","stdev_pressure","max_pressure","entropy_pressure","entropy_x","entropy_y","stdev_dx","max_dx","entropy_dx","stdev_dy","max_dy","entropy_dy","fulltestname","time","log_time","ftest"
10,0,"loops","pen",0.794356166689614,5.16666666666667,2.44661387178304,2.398,0.602447550627,3.22292073567708,4.39801871076092,6.70766510544996,6.30642133527932,9.67468827485747,27,5.04487121556796,20.1797980288004,36.5,5.7932568967518,"PretestAvg",18.905,2.99097095645228,"0"
10,0,"loops","touch",0.797727594599758,2.6875,2.57358229337621,2.332,0,0,0,6.61080821096257,6.35542326373376,12.7660988321675,25.5,5.21587703325699,18.8782013805315,37.5,5.67529983144387,"PretestAvg",18.905,2.99097095645228,"0"
10,0,"spiral","pen",1.39291247954365,4.22727272727273,3.44115032674215,3.515,0.584673001576631,3.59421412150065,4.25200306690468,6.93398646401661,6.97657712150678,20.3728426286561,59.5,5.91486240712612,19.6604624776156,48,5.9564503302941,"PretestAvg",18.905,2.99097095645228,"0"
10,0,"spiral","touch",1.68227217051215,6.9375,3.64996572655359,3.214,0,0,0,6.86190946135177,6.91855947690156,27.0053544315731,74,6.2512572138566,22.766640167145,50,6.12649593995125,"PretestAvg",18.905,2.99097095645228,"0"
10,1,"loops","pen",0.881804974258498,3.5,2.7690586470139,2.287,0.479883766479993,2.61458333333333,4.17980503709759,6.73168060768726,6.38866977097378,12.8755922734883,33,5.39857056905927,20.461301106197,36.5,5.78541693391022,"1PostTestAvg",15.995,2.83291918314808,"1"
10,1,"loops","touch",0.723732033870533,2.16666666666667,2.51288242824946,2.624,0,0,0,6.8340215371245,6.55871060938351,11.7887684555644,27.5,5.28484722426664,22.2176635155052,40,5.7325581160735,"1PostTestAvg",15.995,2.83291918314808,"1"
10,1,"spiral","pen",1.37749691628359,4.54166666666667,3.41143734061531,2.861,0.587399902644748,3.38984171549479,4.26579253404883,6.6906799729201,6.71424241815062,21.9432711938686,68.5,6.02560655675406,21.0517103029017,47,5.94701706226723,"1PostTestAvg",15.995,2.83291918314808,"1"
10,1,"spiral","touch",1.21555541875707,3.25,3.24888820937411,3.222,0,0,0,6.83905576232333,6.82828722145097,20.0594912185248,52,5.89966660171157,19.5585472302891,42,5.87791493545421,"1PostTestAvg",15.995,2.83291918314808,"1"
10,2,"loops","pen",0.853829908262676,5.66666666666667,2.49607978442034,2.253,0.574435721623176,2.85520833333333,4.34192149387881,6.76942222888276,6.34413272153612,11.1330703525331,30,5.15435234363294,19.7958789857263,46.5,5.68105104349484,"2PostTestAvg",15.13,2.78068089213712,"2"
10,2,"loops","touch",0.84293831254938,1.85294117647059,2.58426051102386,2.349,0,0,0,6.72445411645328,6.51809205348596,13.8564197882772,31.5,5.40336164223788,24.6069321136724,46,5.83512175332688,"2PostTestAvg",15.13,2.78068089213712,"2"
10,2,"spiral","pen",1.59759820286519,7.8,3.57898602324721,2.911,0.502949913893227,3.22864176432292,4.12462368885984,6.82806931571278,6.8757672089469,22.6214834053414,55,6.0255860302494,23.9158771629552,63,6.07313787501084,"2PostTestAvg",15.13,2.78068089213712,"2"
10,2,"spiral","touch",1.49772922237752,3.5625,3.52576264037423,3.58,0,0,0,7.12026775089576,7.20489691207825,24.6160660175124,54.5,6.29546979984013,23.8936388602195,48,6.15988567149104,"2PostTestAvg",15.13,2.78068089213712,"2"
10,3,"loops","pen",0.867045845964379,4.5,2.6613232443278,2.24,0.545963617766586,2.81041666666667,4.1961540131674,6.82222173935551,6.156162703407,12.3129139264429,38,5.31579006218687,18.2864677040045,38,5.59945127253272,"3PostTestAvg",14.63,2.74919214443339,"3"
10,3,"loops","touch",0.729257161654051,2.8125,2.48314242262833,2.515,0,0,0,6.79000369233758,6.37226903221839,11.6731977149212,26,5.22449936795577,23.0299914015609,44,5.74699127479743,"3PostTestAvg",14.63,2.74919214443339,"3"
10,3,"spiral","pen",1.50296834288094,4.83333333333333,3.54687098621758,3.215,0.540896743969773,3.66979166666667,4.28235341754198,6.96736114698309,6.9648471726463,23.1922028107147,58,6.14418419367529,25.046906299972,60.5,6.16593585993266,"3PostTestAvg",14.63,2.74919214443339,"3"
10,3,"spiral","touch",1.48770105514746,3.58823529411765,3.52123698849432,3.198,0,0,0,6.99484027525283,7.01208242972678,24.6043837777812,61,6.16743428591075,24.8247648389318,52.5,6.14766519846941,"3PostTestAvg",14.63,2.74919214443339,"3"
10,4,"loops","pen",0.792081453983196,2.20833333333333,2.67305204090817,1.97,0.45857049027522,2.3060801188151,3.97935109177231,6.44642060282986,6.08324146085378,12.0754574791462,35.5,5.16378277101129,17.6477738661574,32.5,5.64442708320308,"4PostTestAvg",15.105,2.77912978278316,"4"
10,4,"loops","touch",0.824450844867308,3,2.69688183827307,2.056,0,0,0,6.56248101471825,6.27855690748954,13.2213079582538,33.5,5.3171863999728,22.2209453601419,37,5.6383323797086,"4PostTestAvg",15.105,2.77912978278316,"4"
10,4,"spiral","pen",1.26464790670404,3.66666666666667,3.27055236011113,2.798,0.513944203555774,2.63125,4.11622787491657,6.6753086566114,6.58119100955258,19.7979062501571,41,5.88690112190935,20.6708969701942,49,5.99229022167931,"4PostTestAvg",15.105,2.77912978278316,"4"
10,4,"spiral","touch",1.28215463714465,3.5,3.34828238023285,3.189,0,0,0,6.96013009417322,6.97251537668909,20.9711788973271,53,5.98103694459345,20.9065829076168,51.5,5.98864194949079,"4PostTestAvg",15.105,2.77912978278316,"4"
11,0,"loops","pen",0.652525487701947,3.4,2.29310755933608,3.17,0.249895542390701,1.60416666666667,3.30251775966851,6.97948417445047,6.44381537659942,9.67471334251981,23.5,4.97421037221395,14.1274084906122,24,5.41188809760223,"PretestAvg",13.755,2.6915820083949,"0"
11,0,"loops","touch",0.560180909118094,1.25,2.04645613281213,3.222,0,0,0,6.97710542662355,6.48137060354459,9.23514088259255,21,4.91551836208891,14.8589242163078,27.5,5.25707375402029,"PretestAvg",13.755,2.6915820083949,"0"
11,0,"spiral","pen",0.874385922565343,3.375,2.78297798408187,4.501,0.390579010397742,2.19012985229492,3.88305139613215,7.17752621764369,7.04233553775675,13.4471037231125,33,5.4286159144368,13.2248434047048,30.5,5.48936994256642,"PretestAvg",13.755,2.6915820083949,"0"
11,0,"spiral","touch",1.02823740164122,2.34375,3.00572042118428,4.513,0,0,0,7.2350566502394,7.28886601264194,17.0808672627897,37.5,5.89950118062278,17.066894461343,29,5.78883085311888,"PretestAvg",13.755,2.6915820083949,"0"
11,1,"loops","pen",0.515149355203031,2.2,2.05732725520595,3.714,0.195690437730097,1.16312967936198,2.82993550123479,7.06185327076793,6.20530600040142,7.56798460256166,20.5,4.72015869704396,9.43172685474399,15,4.85493574208664,"1PostTestAvg",12.265,2.5851289875897,"1"
11,1,"loops","touch",0.425842150438761,1.11111111111111,1.83769321581322,4.064,0,0,0,7.0696270254794,6.3687498128636,6.9501438490673,16.5,4.62088104862779,9.98812863043256,14.5,4.74779391783525,"1PostTestAvg",12.265,2.5851289875897,"1"
11,1,"spiral","pen",0.818252846983313,4.2,2.74105984818706,4.988,0.406845572287669,2.36656977335612,3.95885938905265,7.29141833146498,7.11865331898144,12.1354873544426,32.5,5.43217857573159,11.4888630017423,26.5,5.3708590855508,"1PostTestAvg",12.265,2.5851289875897,"1"
11,1,"spiral","touch",0.676897324773125,1.4375,2.41332217098179,5.396,0,0,0,7.08041995995834,7.13838498128422,11.2416824687698,24,5.35172075997097,10.5289198130858,21.5,5.23279295222882,"1PostTestAvg",12.265,2.5851289875897,"1"
11,2,"loops","pen",0.469087069241482,1.4375,2.01477905104219,3.462,0.247673708177458,1.76089464823405,3.20814446269726,7.07785659829846,6.40395083678611,7.06242959510013,16.5,4.63282081084617,10.407578586422,18,5.0906555844112,"2PostTestAvg",14.23,2.72326716690707,"2"
11,2,"loops","touch",0.411882519961428,2,1.79083699823064,3.698,0,0,0,6.87983430423235,6.50693272588949,6.5382244105954,16,4.43536144721611,11.878222446214,24,4.99309964347531,"2PostTestAvg",14.23,2.72326716690707,"2"
11,2,"spiral","pen",0.91798200983279,4.8,2.81134020445761,5.427,0.599334099986958,3.15236663818359,4.54571227657938,7.376436082127,7.42898079127777,13.3994747895243,27,5.60156907262781,13.3674225102173,33.5,5.57455423201496,"2PostTestAvg",14.23,2.72326716690707,"2"
11,2,"spiral","touch",0.636413879890328,1.21875,2.29888589720877,6.087,0,0,0,7.34437733666863,7.30362608008616,10.5648657709058,19.5,5.18581835724192,10.5860968692772,19.5,5.20568767085095,"2PostTestAvg",14.23,2.72326716690707,"2"
11,3,"loops","pen",0.528658331546429,2.6875,2.03874634177127,3.327,0.28764959401416,1.92476552327474,3.34526093069319,6.9914739097001,6.48886661462942,7.76332903248876,21.5,4.69221067146118,13.2823672518384,24,5.3048743231343,"3PostTestAvg",15.815,2.82227134519223,"3"
11,3,"loops","touch",0.468893263905096,1.6875,1.83829927449397,3.29,0,0,0,6.95414453246262,6.34822730942159,7.54104633512055,16,4.52446022199514,13.6388129959346,21,5.11824355765396,"3PostTestAvg",15.815,2.82227134519223,"3"
11,3,"spiral","pen",0.882859780215976,3.375,2.78296364114004,15.616,0.68151580377848,3.27643661499023,4.49302785207407,7.18948109372259,7.20912349897932,13.3638487505101,36,5.45051712244454,12.893175892748,33,5.50147871213189,"3PostTestAvg",15.815,2.82227134519223,"3"
11,3,"spiral","touch",0.85440674505778,2,2.77369531117743,4.239,0,0,0,7.01000316236889,7.03679025977096,14.1739175503983,34,5.61796498799941,13.624719905153,23.5,5.47199662676864,"3PostTestAvg",15.815,2.82227134519223,"3"
11,4,"loops","pen",0.545390754208878,2.5,2.08090432494791,3.047,0.318443403408607,2.40215301513672,3.43887711366838,6.90271247390119,6.32171818495327,8.02062009142677,19.5,4.71341652162774,13.5773251174265,25.5,5.44426479409015,"4PostTestAvg",16.455,2.859626140557,"4"
11,4,"loops","touch",0.519145609138571,2.16666666666667,1.90966877811156,3.223,0,0,0,6.87705529839624,6.40497779866131,8.24345638007141,19.5,4.64720195154157,14.167630077176,21,5.28759494657743,"4PostTestAvg",16.455,2.859626140557,"4"
11,4,"spiral","pen",1.05347043097028,4.375,3.07921252400291,3.911,0.588328018628301,3.34878692626953,4.40837305662116,7.05938462239711,7.01018501758809,15.4829252349991,35,5.72073028151807,15.2903310630843,31,5.69705182763823,"4PostTestAvg",16.455,2.859626140557,"4"
11,4,"spiral","touch",0.894036308958368,1.875,2.79981338162696,4.438,0,0,0,7.11683277645749,7.17098631191571,14.810875670398,30,5.5727434941138,15.0331536829096,29.5,5.67796509296791,"4PostTestAvg",16.455,2.859626140557,"4"
12,0,"loops","pen",0.480779266898713,4.7,1.69521851249002,4.972,0.0664759960238166,0.450854110717773,1.34484923697329,7.05572736836609,6.1589938757173,5.95593882990004,23.5,4.40415652834637,8.28015663957534,18,4.83116073975173,"PretestAvg",15.37,2.79545039138304,"0"
12,0,"loops","touch",0.225903023005244,1.5,1.16758383634277,6.854,0,0,0,7.17881835615334,6.86966860863314,3.62600162997594,13.5,3.75248156470999,7.44627986664917,14.5,4.67653802510351,"PretestAvg",15.37,2.79545039138304,"0"
12,0,"spiral","pen",0.616103229880675,2.83333333333333,2.27867329761084,4.28,0.186025408658814,0.964194869995117,2.74399374453686,6.85702909973922,6.93880265715784,9.07887487321358,18.5,5.0581985481984,9.20094131365487,23,5.05900047064474,"PretestAvg",15.37,2.79545039138304,"0"
12,0,"spiral","touch",0.35044123527921,2.3125,1.68517393795028,9.11,0,0,0,7.27983444453239,7.34986641790262,5.60992853607209,18.5,4.37711086739582,5.66430112495105,15,4.3801761863346,"PretestAvg",15.37,2.79545039138304,"0"
12,1,"loops","pen",0.44741843913729,2.875,1.78955098823401,2.858,0.0635474574700836,0.444659296671549,1.56120346661407,6.66804404752852,5.89265857709048,5.75468118313087,14,4.3733102493022,8.79140481955522,17.5,4.82761434264759,"1PostTestAvg",15.9,2.82731362192903,"1"
12,1,"loops","touch",0.35939158056773,1.94444444444444,1.42402383887445,3.64,0,0,0,6.77647488417482,6.31553322248592,5.72770598195221,17.5,4.16585767301962,9.16046131336411,14.5,4.65678939853704,"1PostTestAvg",15.9,2.82731362192903,"1"
12,1,"spiral","pen",0.87794000300861,4.125,2.66790202271037,4.194,0.109175013286522,0.695609283447266,2.09710066351872,7.00160947250413,6.85106874059844,11.5394834175058,25.5,5.37750648427125,11.2019829028562,34,5.30958388039932,"1PostTestAvg",15.9,2.82731362192903,"1"
12,1,"spiral","touch",0.623466296602075,1.15625,2.2503995268727,5.246,0,0,0,7.19151427615576,7.29152420534292,10.3124959236771,19.5,5.08538353899813,11.1998925147152,22,5.3137013683691,"1PostTestAvg",15.9,2.82731362192903,"1"
12,2,"loops","pen",0.951714277574199,10,2.04810008538249,2.398,0.0662065501728618,0.502197011311849,1.55362777149826,6.31819181253631,5.7825486820316,8.17297426072141,30,4.6895584855179,9.69592303376104,15,4.84213277502304,"2PostTestAvg",16.28,2.84954976337591,"2"
12,2,"loops","touch",0.516761085299434,2.11111111111111,1.84021350382805,2.732,0,0,0,6.67305554572656,6.12145983818055,8.31556393186468,20,4.61030718935736,12.540499197274,22,5.01867610699773,"2PostTestAvg",16.28,2.84954976337591,"2"
12,2,"spiral","pen",1.16432530289063,11.625,2.85980701316911,4.419,0.129864198944743,0.886275990804036,2.25429923572504,6.87014092263617,7.03504411282046,14.3382123338241,46.5,5.61654384954456,14.5253972658673,40,5.60148895376918,"2PostTestAvg",16.28,2.84954976337591,"2"
12,2,"spiral","touch",0.808678271665331,2.38888888888889,2.48920087216009,5.113,0,0,0,7.3557794632596,7.39941682072033,13.3181770127982,28,5.3687180342495,13.4124673673762,22.5,5.37348268803934,"2PostTestAvg",16.28,2.84954976337591,"2"
12,3,"loops","pen",0.429088825295466,1.1,1.84690709009526,2.438,0.078954637280581,0.500750859578451,1.67686616391169,6.52692394039492,5.54896790515306,6.65406387071282,15.5,4.54198589724955,8.82004022778166,14,4.75685185512838,"3PostTestAvg",15.07,2.77695417974942,"3"
12,3,"loops","touch",0.407919060411608,2.5,1.48525366311317,3.006,0,0,0,6.61470346722438,5.68540300597653,5.89861059449941,20,4.35328541475361,8.22372864512247,13.5,4.70722596372958,"3PostTestAvg",15.07,2.77695417974942,"3"
12,3,"spiral","pen",0.923566024555274,3.13636363636364,2.89216426386583,3.152,0.172035624063092,1.07329457600911,2.70040865519527,6.72528203183594,6.70989339411519,14.4011113768909,34.5,5.60393042671581,14.0745294679703,31.5,5.5132178245786,"3PostTestAvg",15.07,2.77695417974942,"3"
12,3,"spiral","touch",0.685620460860382,1.21875,2.30888392052893,3.873,0,0,0,6.94739838256029,6.80967698691519,11.3464523248487,19.5,5.09092008772453,11.2532551715004,20.5,5.30743677964104,"3PostTestAvg",15.07,2.77695417974942,"3"
12,4,"loops","pen",0.483281387542964,1.9375,1.90836303794247,2.591,0.086341048076859,0.493754069010417,1.81813464642054,6.55150779788837,5.38724244449725,6.96620579989974,17,4.577697116744,8.39557561061849,16.5,4.71413515789699,"4PostTestAvg",14.745,2.75652285455299,"4"
12,4,"loops","touch",0.508550116371176,1.94444444444444,1.96097853843538,2.607,0,0,0,6.64905355263256,5.88155654092183,7.85174810169861,17.5,4.53705878684293,10.091127066591,19,4.88064718386426,"4PostTestAvg",14.745,2.75652285455299,"4"
12,4,"spiral","pen",0.907240939590343,2.875,2.90801000239154,3.793,0.120274131002804,0.871570841471354,2.26620626648907,6.91591326001032,6.92680527968407,13.5723212877658,30,5.5986085294639,12.6189253302975,29.5,5.51012465007891,"4PostTestAvg",14.745,2.75652285455299,"4"
12,4,"spiral","touch",0.724800377453207,2.72222222222222,2.49694538137379,4.139,0,0,0,6.86817215365104,6.79394133912614,11.756761553722,27,5.3617125112003,11.0391685840868,23,5.20860209093535,"4PostTestAvg",14.745,2.75652285455299,"4"
13,0,"loops","pen",0.215590364233808,1.875,0.94681967433337,4.731,0.128395355391876,0.780441919962565,2.24615734770505,6.70524135316608,6.25153449991151,2.61869726631941,14.5,3.31430059927424,7.08001369742119,14.5,4.62248152618635,"PretestAvg",17.46,2.91560622907471,"0"
13,0,"loops","touch",0.389991214852113,1.3125,1.37493002852462,13.958,0,0,0,6.68315777018774,6.62005515950609,5.27520501627774,16,3.97057458189591,8.25784916958884,15,4.65520458142151,"PretestAvg",17.46,2.91560622907471,"0"
13,0,"spiral","pen",0.320876247016278,1.5,1.54326536755486,6.803,0.163044092809377,1.15697771708171,2.61697443995689,6.81637142038648,6.67782448092489,4.74214079709045,9.5,4.18335438414051,4.2273397401707,13,4.00313089071465,"PretestAvg",17.46,2.91560622907471,"0"
13,0,"spiral","touch",0.319039688426805,1.125,1.49836136560769,8.253,0,0,0,6.86364741543303,6.74781529804475,5.30124223329776,18,4.30916708509601,4.29295343383436,14,4.02784419732087,"PretestAvg",17.46,2.91560622907471,"0"
13,1,"loops","pen",0.426723008028792,4.2,1.33518549192974,3.573,0.0813491172446506,0.70324821472168,1.6893985697796,6.66280793475768,6.33539049058358,4.57069418103856,21,4.04926706053986,11.8379805621837,25.5,5.28574975118525,"1PostTestAvg",15.885,2.82642565383753,"1"
13,1,"loops","touch",0.263987812180971,0.722222222222222,1.3968189198585,4.014,0,0,0,6.84121788050087,6.55548538206251,4.33676765010393,8.5,3.86803852457533,10.3873546366065,17.5,4.84434413601176,"1PostTestAvg",15.885,2.82642565383753,"1"
13,1,"spiral","pen",0.547513100580627,2.4375,2.08337843631328,5.441,0.141708692095627,1.02478357950846,2.21839819030949,6.93141892272934,6.88477227387987,8.02210639002725,22,4.88431667663217,7.37437574745254,16.5,4.77029545499179,"1PostTestAvg",15.885,2.82642565383753,"1"
13,1,"spiral","touch",0.350920770895945,0.9375,1.62411948972698,7.419,0,0,0,7.20141260269857,7.10662613854856,5.82667519396059,15,4.42027706103233,4.97615847757201,10,4.16273415236414,"1PostTestAvg",15.885,2.82642565383753,"1"
13,2,"loops","pen",0.439370163635939,4.875,1.59606128907678,4.335,0.0745134185279377,0.65987803141276,1.6119635098343,7.15955922316158,6.66216599170693,5.20020492075445,19.5,4.26225333787426,12.8023133897886,23,5.39813106772682,"2PostTestAvg",16.745,2.87610378609846,"2"
13,2,"loops","touch",0.379267469358354,0.911764705882353,1.69016326556771,4.405,0,0,0,7.27549605203291,6.90771578902867,6.26082946021231,15.5,4.47615432849854,14.0048681319934,21.5,5.26970047529681,"2PostTestAvg",16.745,2.87610378609846,"2"
13,2,"spiral","pen",0.480107702290848,1.75,1.9983742797841,7.268,0.19593845893622,1.63396631876628,2.83034088330967,7.41526226092322,7.37218702060486,7.58148956289339,21.5,4.7832279136252,7.17740458816784,15,4.72474604948893,"2PostTestAvg",16.745,2.87610378609846,"2"
13,2,"spiral","touch",0.540327775794252,1.28125,2.06753427006649,6.787,0,0,0,7.3964238217655,7.15476491839408,8.96863060359224,20.5,4.93735722619639,7.11037505052825,13,4.64415640251249,"2PostTestAvg",16.745,2.87610378609846,"2"
13,3,"loops","pen",0.456619609794712,5,1.63834239494308,4.065,0.107508964953031,0.893620936075846,2.01557476110033,7.14867256076275,6.753329234765,5.1458253052634,20,4.10654453120492,13.0574166095004,23.5,5.37025983084435,"3PostTestAvg",16.885,2.88396237271098,"3"
13,3,"loops","touch",0.330799284887119,0.75,1.50331150100043,4.188,0,0,0,7.07365753534597,6.73779122013295,5.41306157058074,12.5,4.24973833331845,12.9836367247866,20.5,5.15513713291554,"3PostTestAvg",16.885,2.88396237271098,"3"
13,3,"spiral","pen",0.532319659545645,1.40909090909091,2.09809164171601,6.031,0.158014454769946,1.14356943766276,2.50501440584151,7.23082316928021,7.20510570917548,8.54872934378399,17.5,4.93786021495717,8.8140578291096,17,4.91563926319662,"3PostTestAvg",16.885,2.88396237271098,"3"
13,3,"spiral","touch",0.490891702924659,1.15625,1.97305037831884,6.387,0,0,0,7.32498836150712,7.16052929546384,8.13592016667334,18.5,4.77992056174999,7.20656100831155,14,4.64065013150595,"3PostTestAvg",16.885,2.88396237271098,"3"
13,4,"loops","pen",0.409880643585908,2.7,1.66027906366195,5.027,0.193377909624363,1.1584779103597,2.82832130015008,6.89094747172087,6.77888661365098,5.09207685693432,21,4.27383989880276,15.5255017831214,36,5.62990802693364,"4PostTestAvg",14.785,2.75906012200995,"4"
13,4,"loops","touch",0.358544870690979,1.0625,1.68792101113742,3.981,0,0,0,6.93807075422367,6.82113353936421,5.70967150325085,12,4.14609679115447,15.7890331225698,26,5.32197554643397,"4PostTestAvg",14.785,2.75906012200995,"4"
13,4,"spiral","pen",0.628190062239401,2.6,2.34887929271266,5.8,0.158782430438617,1.20167452494303,2.56503505336815,7.32001671838418,7.28501570277524,9.51472170367825,22.5,5.13146940510788,9.68538761469602,26.5,5.13201738307056,"4PostTestAvg",14.785,2.75906012200995,"4"
13,4,"spiral","touch",0.570216612650384,1.15625,2.21986654161909,6.504,0,0,0,7.31442548594197,7.38295013657564,9.45029522044897,18.5,5.02937862023572,9.11532270003531,19,5.01714871828738,"4PostTestAvg",14.785,2.75906012200995,"4"
15,0,"loops","pen",0.992945362542735,6.3,2.52516136463357,1.614,0.22744012057058,1.63672180175781,3.04096831099023,6.14511315996545,5.59756428494382,12.317971596104,47.5,5.08662844564581,16.9445769161902,34,5.56537147545508,"PretestAvg",16.25,2.84781214347737,"0"
15,0,"loops","touch",0.959150867343769,5.38888888888889,2.71709884308514,2.224,0,0,0,6.62845022658431,6.08197291168936,14.673367420016,48.5,5.44591937224028,21.6908845389953,31.5,5.64319296072731,"PretestAvg",16.25,2.84781214347737,"0"
15,0,"spiral","pen",1.2988646551511,7.2,3.27113971882346,3.774,0.225035816151085,1.49954058329264,3.07331880278887,7.07993265948952,7.0897790182134,18.6197244348363,40.5,5.90543118260908,20.0487635309274,51.5,6.01712937596434,"PretestAvg",16.25,2.84781214347737,"0"
15,0,"spiral","touch",1.64067706145405,8.0625,3.48520582036469,2.59,0,0,0,6.70411573818076,6.66804443319014,25.2694885265626,64.5,5.96355846798042,24.3099037322852,44,5.9903802447508,"PretestAvg",16.25,2.84781214347737,"0"
15,1,"loops","pen",1.51351175991197,7.3125,3.40075931504828,1.761,0.169339526665406,0.922755686442057,2.7598414353202,6.47012002529158,6.12035671500624,19.7835788524685,58.5,5.58657208082342,28.1046614088147,53.5,5.93517152982105,"1PostTestAvg",17.01,2.89092715918786,"1"
15,1,"loops","touch",1.01739514193975,4.61111111111111,2.85606854236721,2.099,0,0,0,6.58578476555739,6.30836464833609,16.0308031951826,41.5,5.55541311360995,24.8500708482173,35.5,5.6735335470378,"1PostTestAvg",17.01,2.89092715918786,"1"
15,1,"spiral","pen",2.01104604239807,18.3333333333333,3.58633771015809,3.234,0.256892394673377,1.59735552469889,3.23355611436877,6.90436230178853,6.88797284472875,24.4678115119556,70.5,6.17677911572525,21.4858696227814,63,5.98443725734175,"1PostTestAvg",17.01,2.89092715918786,"1"
15,1,"spiral","touch",1.57320290079124,4.61111111111111,3.58504226441364,3.057,0,0,0,6.88303461746659,6.92868098841107,25.5839893581752,53,6.2573475398056,22.9809697562718,43,6.03671148387917,"1PostTestAvg",17.01,2.89092715918786,"1"
15,2,"loops","pen",1.29788445263079,9,2.91143413197715,1.744,0.262644499388257,1.52773653666178,3.29784538990658,6.36208650361647,5.87117113660429,14.2225437575147,45,5.44672469159062,20.8636822778799,33,5.62686663675942,"2PostTestAvg",15.585,2.80849867239902,"2"
15,2,"loops","touch",0.848737841573164,4.8125,2.5853364171767,2.24,0,0,0,6.66365416322091,6.40445872523313,12.4193728602255,38.5,5.20396352233462,21.5741616385875,36,5.9039592724573,"2PostTestAvg",15.585,2.80849867239902,"2"
15,2,"spiral","pen",1.96520178947041,17,3.48936213281376,2.682,0.260702452953189,1.62708752950033,3.27657614367178,6.79370833431249,6.7742765229482,23.1756501614711,68,6.06677811602747,21.2329915126574,42.5,5.93880919676454,"2PostTestAvg",15.585,2.80849867239902,"2"
15,2,"spiral","touch",1.3229675385757,3.25,3.33037620460358,4.313,0,0,0,7.43670384130629,7.24169772271533,21.7402026946313,46,6.09250255055087,19.5953755513972,39.5,5.9538438845652,"2PostTestAvg",15.585,2.80849867239902,"2"
15,3,"loops","pen",1.44665050645825,12,2.87836925567952,1.985,0.106341767928959,0.819592412312826,1.98610229756084,6.41752337577785,6.37978617337972,13.1344433903612,38,5.36979902285448,21.3872844584799,43.5,5.66539515378969,"3PostTestAvg",15.805,2.82167646117707,"3"
15,3,"loops","touch",0.995651265983974,6.4375,2.72917616138036,2.032,0,0,0,6.53585515731488,6.09428348391033,13.4406416911163,51.5,5.18821925087822,20.9096535439892,32,5.49841597222266,"3PostTestAvg",15.805,2.82167646117707,"3"
15,3,"spiral","pen",1.25516382851125,5.3,3.25991761071831,3.332,0.224298088145006,1.41370061238607,3.05529587203989,6.94499997740648,6.89363741636754,18.4144823757527,39,5.81914543676006,16.6713796540533,33,5.78405543968733,"3PostTestAvg",15.805,2.82167646117707,"3"
15,3,"spiral","touch",1.09735146119757,1.9375,3.07352298779158,3.206,0,0,0,6.89505414457227,6.60090929105283,18.1215522393742,32.5,5.80390363542585,14.7016149955956,26.5,5.54147715704752,"3PostTestAvg",15.805,2.82167646117707,"3"
15,4,"loops","pen",1.0109444320143,5.7,2.83246243847403,2.135,0.197179908112979,0.994236246744792,2.93363538941946,6.65548578776396,6.13534101305085,13.3546106407862,34.5,5.41950561220492,20.7956877333498,36.5,5.72034461628291,"4PostTestAvg",15.555,2.80668817099921,"4"
15,4,"loops","touch",1.11377878227011,6.61111111111111,2.7530361438231,2.007,0,0,0,6.57409983752742,6.1784878497693,16.4792693687243,59.5,5.54487944857137,24.8231903065458,42,5.85566753841476,"4PostTestAvg",15.555,2.80668817099921,"4"
15,4,"spiral","pen",1.46810163909781,8.2,3.3904742257894,2.656,0.250919127578938,1.52405255635579,3.18655783115772,6.6312663808207,6.57734761141319,19.545238615834,45.5,5.8078618965764,17.3389980580925,39.5,5.7242239022747,"4PostTestAvg",15.555,2.80668817099921,"4"
15,4,"spiral","touch",1.49150111592845,7.0625,3.45650304718551,3.114,0,0,0,6.89676920987812,6.85682807219752,23.6859037504201,56.5,6.14810671292728,19.626405563409,36,5.87794621145523,"4PostTestAvg",15.555,2.80668817099921,"4"
16,0,"loops","pen",0.517538525948698,3.75,2.00841130671078,3.631,0.180802284193375,0.941560363769531,2.89891012778557,7.09890987040003,6.77081528191192,7.05742729269652,18,4.65353961104892,16.9439647077242,31,5.73213563783061,"PretestAvg",18.895,2.99046844387889,"0"
16,0,"loops","touch",0.618725922678629,3.625,2.07510978898571,3.505,0,0,0,7.0960283994873,6.89234728218564,9.75703091705741,29,4.89826148032075,19.9522577702872,28,5.65313779310918,"PretestAvg",18.895,2.99046844387889,"0"
16,0,"spiral","pen",0.949717764807016,2.75,2.93755474993488,4.122,0.266281447666806,1.23830223083496,3.24710886983444,7.19601337261722,7.20864743460151,14.4901040874751,33,5.64136568968593,13.5132077292007,32,5.57764251069154,"PretestAvg",18.895,2.99046844387889,"0"
16,0,"spiral","touch",0.882169709162691,4.8125,2.68617437214599,5.021,0,0,0,7.21749271469786,7.3670608546945,14.087181829204,38.5,5.56394916784184,15.4609461303138,28,5.62591918724139,"PretestAvg",18.895,2.99046844387889,"0"
16,1,"loops","pen",0.586355170228102,5.4,1.96109285117723,3.981,0.139266513353762,0.824546686808268,2.47326571101535,7.40133658720447,6.71211121450532,7.75725355463689,27,4.72355078349489,15.378263071743,31,5.55269374684907,"1PostTestAvg",19.07,2.99922616280825,"1"
16,1,"loops","touch",0.46870711352198,3.25,1.85932342872189,4.306,0,0,0,7.26588972483075,6.88984474964553,7.25961643198391,26,4.61694506306618,16.9963372205007,31,5.66593596626177,"1PostTestAvg",19.07,2.99922616280825,"1"
16,1,"spiral","pen",0.974226231211882,6.5,2.89091080779404,4.897,0.197874732975912,1.10601539611816,2.97473836940781,7.16675317904117,7.35270815602967,13.8563673800733,39,5.64061200861276,14.2469838684522,39,5.62997485132582,"1PostTestAvg",19.07,2.99922616280825,"1"
16,1,"spiral","touch",0.838856546383351,3.22222222222222,2.60535942398951,4.705,0,0,0,7.30056450196484,7.3676182322241,13.5790818103419,29,5.40520898507607,14.2188718184487,28,5.54846657769648,"1PostTestAvg",19.07,2.99922616280825,"1"
16,2,"loops","pen",0.421264772427349,2.9,1.7114603598536,3.855,0.176323222058102,1.11490605672201,2.85653028658048,7.10481724762901,6.49621759779997,6.01362316811671,23.5,4.4094967229025,13.3693265032281,24.5,5.32318213482215,"2PostTestAvg",16.98,2.88926002904347,"2"
16,2,"loops","touch",0.532519437342989,3.11111111111111,2.02427816044765,3.323,0,0,0,7.00083417832025,6.71313157736503,8.17176404759782,28,4.76090398044613,19.4055495883555,28.5,5.6251474334924,"2PostTestAvg",16.98,2.88926002904347,"2"
16,2,"spiral","pen",0.5861537144823,1.58333333333333,2.31198758427461,6.038,0.153666815473679,1.02175458272298,2.61877565944662,7.30665309257947,7.2083630148444,8.99455341676303,19,5.01296651029069,8.16304134684137,18.5,4.94449801304984,"2PostTestAvg",16.98,2.88926002904347,"2"
16,2,"spiral","touch",1.14618949403676,9.55555555555556,2.9050712590616,5.764,0,0,0,7.56930402189272,7.498484473289,17.8106617595871,86,5.72823578463011,15.7735066763521,40.5,5.69410543283161,"2PostTestAvg",16.98,2.88926002904347,"2"
16,3,"loops","pen",0.38473116008199,2.625,1.60629045557887,4.431,0.152783433322753,0.809476216634115,2.5929048270267,7.21404165098456,6.60946649031835,5.27368153393645,12,4.19377653551699,10.7501318397725,19,5.07823895397639,"3PostTestAvg",15.88,2.82612948916781,"3"
16,3,"loops","touch",0.451014206466592,2.75,1.72637405197527,3.389,0,0,0,6.99028881894377,6.76651173123193,7.01766831501938,22,4.53694970278706,16.9008417098721,23,5.45746093003013,"3PostTestAvg",15.88,2.82612948916781,"3"
16,3,"spiral","pen",0.741823109390651,3.4,2.58376310508465,5.716,0.210186313308216,1.21035461425781,2.96547337742355,7.27496572061517,7.40993201851943,11.4825511751801,21.5,5.37084290283452,11.1818877877534,24,5.34526228739782,"3PostTestAvg",15.88,2.82612948916781,"3"
16,3,"spiral","touch",0.801898010366869,4.38888888888889,2.57186720175847,6.179,0,0,0,7.44181039159601,7.42464248812709,12.9765558955983,39.5,5.48175153240278,12.5696882694067,26,5.43542272112979,"3PostTestAvg",15.88,2.82612948916781,"3"
16,4,"loops","pen",0.454878858809759,4.6,1.69688074119374,4.036,0.146537536697842,0.775152079264323,2.57189175894988,7.06880331425433,6.53567853222948,5.64984424593443,23,4.3197954930932,11.5302654668279,20,5.2104169817289,"4PostTestAvg",16.025,2.83468285203558,"4"
16,4,"loops","touch",0.455047041614446,3.4375,1.65394417299572,3.722,0,0,0,6.96215505534335,6.65948413501633,6.59048097850404,27.5,4.50096866628106,15.1638407040154,24.5,5.40323847371949,"4PostTestAvg",16.025,2.83468285203558,"4"
16,4,"spiral","pen",1.36260183673527,18.6666666666667,2.74825731198364,5.005,0.188925948116511,0.98915049235026,2.87393752932409,7.21976979699453,7.2600329354111,13.7582971510973,56,5.51660730543991,13.7992341542544,33.5,5.608373849363,"4PostTestAvg",16.025,2.83468285203558,"4"
16,4,"spiral","touch",1.11343340468789,6.375,3.00745924036563,4.538,0,0,0,7.2239176047885,7.24624111565183,17.465355412401,51,5.79069060700818,15.7135592908564,36,5.65902769692847,"4PostTestAvg",16.025,2.83468285203558,"4"
17,0,"loops","pen",0.691497206750505,3.875,2.23917994460412,2.59,0.323948505738222,1.85545984903971,3.6239122320101,6.87419655209529,6.49898001718931,9.35341942232604,31,4.96631437648383,21.4580924106514,44.5,5.80861668541954,"PretestAvg",19.595,3.02504832788804,"0"
17,0,"loops","touch",0.616019162771756,3.0625,2.15215165925304,2.723,0,0,0,6.72068994143987,6.6648155114467,9.70968268872587,24.5,4.96351085336787,25.400226529709,39.5,5.97085494499811,"PretestAvg",19.595,3.02504832788804,"0"
17,0,"spiral","pen",1.16219192868873,4.40909090909091,3.19851240128838,3.402,0.515786122646845,2.37678782145182,4.19768336754428,6.86474843082476,6.70515634174429,17.5875089318589,48.5,5.85725311315796,17.7034545998781,43,5.84583027269129,"PretestAvg",19.595,3.02504832788804,"0"
17,0,"spiral","touch",1.1961661143729,2.625,3.25310736094534,19.621,0,0,0,7.41949983580791,7.35552464751209,19.8321232739491,44.5,6.10474733246774,17.9969757329151,33,5.90429512571847,"PretestAvg",19.595,3.02504832788804,"0"
17,1,"loops","pen",0.65249953184867,3.625,2.19603117346086,2.736,0.261998693384155,1.63885180155436,3.29848215694876,6.88891872071902,6.4080578672831,8.77949644068303,29,4.91586185727638,21.5198998377494,36.5,5.80761616152641,"1PostTestAvg",16.38,2.85532011983725,"1"
17,1,"loops","touch",0.505761444262901,2.0625,1.91487380299159,3.306,0,0,0,6.85175798765017,6.84233737715573,8.16357733930869,19.5,4.5848391295467,22.6415468102292,35.5,5.70819006849641,"1PostTestAvg",16.38,2.85532011983725,"1"
17,1,"spiral","pen",1.03962190128911,3,3.07324110502994,3.19,0.330049038282825,1.80111910502116,3.67193565289669,6.66948246350662,6.8766975714459,16.1624158456473,34,5.6877728486256,15.7430746468929,30.5,5.72443809133975,"1PostTestAvg",16.38,2.85532011983725,"1"
17,1,"spiral","touch",1.09664141296836,1.90625,3.05509768878173,4.08,0,0,0,7.15395464257783,7.23616721944607,18.1989275623195,31.5,5.77315824997337,19.7187185476954,37.5,5.96007752394957,"1PostTestAvg",16.38,2.85532011983725,"1"
17,2,"loops","pen",0.664024764167669,6.3,1.99521684970501,3.498,0.173287177021001,1.05289815266927,2.81187681742538,7.17113224693439,6.99419934597058,8.51208926942514,31.5,4.79630850065333,23.5861409494975,42,5.8880678947484,"2PostTestAvg",17.525,2.91912117118215,"2"
17,2,"loops","touch",0.630546652816279,3.1875,2.21966067276493,3.214,0,0,0,7.07464158051408,6.8139450087221,9.81724221863124,25.5,4.95529537614468,26.1528170328229,40.5,5.96337198359231,"2PostTestAvg",17.525,2.91912117118215,"2"
17,2,"spiral","pen",1.03811326280784,3.125,3.03779141196671,3.294,0.286817046454326,1.93177083333333,3.40569411301403,6.88923308456629,6.69954718591271,16.0019515770728,37.5,5.81327779559176,15.5240093598557,34,5.71273245988137,"2PostTestAvg",17.525,2.91912117118215,"2"
17,2,"spiral","touch",1.17259685937121,2.34375,3.14634823483048,3.615,0,0,0,7.06572672848179,6.90116462794614,19.4259751879284,37.5,5.89056400438922,19.0098781176174,38,5.80231233450103,"2PostTestAvg",17.525,2.91912117118215,"2"
17,3,"loops","pen",0.617119515697713,6.5,1.95293621291857,3.789,0.17599559043812,1.06767972310384,2.75330970426878,7.08689841266098,7.16538823122446,7.34230588307831,32.5,4.64234891543384,23.7251299180195,38.5,5.88238014164889,"3PostTestAvg",16.71,2.87412945179474,"3"
17,3,"loops","touch",0.565077381197815,3.375,2.06716935616779,3.639,0,0,0,7.02157565243989,7.11462659776486,8.69789711555764,27,4.87222799436323,26.3020387790099,39,5.87003372798637,"3PostTestAvg",16.71,2.87412945179474,"3"
17,3,"spiral","pen",1.0691445021473,3.58333333333333,3.07734284854128,3.803,0.282757039374119,1.63013305664062,3.45616173388503,6.98384628788035,7.05384570296778,16.7192615011921,43,5.82820942624691,17.2311533209277,38,5.89017129128592,"3PostTestAvg",16.71,2.87412945179474,"3"
17,3,"spiral","touch",0.982705514920091,1.875,2.92868196413972,3.581,0,0,0,6.87211811296044,6.92080133377528,16.2773720129634,30,5.73402289350813,15.2711720579402,28,5.64270362396535,"3PostTestAvg",16.71,2.87412945179474,"3"
17,4,"loops","pen",0.802685276679796,8.125,2.18288742221992,3.269,0.205434493891832,1.24382972717285,2.98819086007689,7.09120430305465,6.93687818360861,8.17188938492213,32.5,4.79624491235424,27.7539538216867,47.5,6.10405556443647,"4PostTestAvg",16.305,2.85099547708731,"4"
17,4,"loops","touch",0.609750691749069,4.27777777777778,2.1391442588677,3.315,0,0,0,6.94451801720706,6.98613258425483,9.06521836910739,38.5,4.87670198793474,28.400098757799,40.5,6.01314213268427,"4PostTestAvg",16.305,2.85099547708731,"4"
17,4,"spiral","pen",1.21041490699675,4.36363636363636,3.28445530437236,4.178,0.266744245853982,1.48622258504232,3.35583859964887,7.10064475177225,7.15487482071247,18.9169027867221,48,5.98489918620857,17.547847596695,49,5.86443920407181,"4PostTestAvg",16.305,2.85099547708731,"4"
17,4,"spiral","touch",1.14246840671743,2.1875,3.12393776419719,3.756,0,0,0,7.15228130655981,6.97589760604303,18.932900698532,36.5,5.95597546194793,18.1413624305619,34.5,5.81902733182642,"4PostTestAvg",16.305,2.85099547708731,"4"
1,0,"loops","pen",0.600023453091002,3.25,2.10446308870402,3.285,0.326848823256841,1.90142211914063,3.65602475648898,7.08301930786597,6.30736647476285,8.13502426079674,24.5,4.86915415856024,12.1150330933151,26.5,5.30722963037046,"PretestAvg",18.605,2.9757846357443,"0"
1,0,"loops","touch",0.436592421846025,3.4375,1.75178356413615,4.256,0,0,0,7.07944527749965,6.34798392093306,6.52023622211319,28.5,4.53833060629229,10.4511583978341,25.5,5.21032508359644,"PretestAvg",18.605,2.9757846357443,"0"
1,0,"spiral","pen",1.09846633582355,2.81818181818182,3.13890256679937,3.184,0.571662872174617,2.87708333333333,4.33460125399,6.74113994729871,6.92633550595745,17.1218314078447,37,5.80023377693517,17.57064852714,51.5,5.79510065542663,"PretestAvg",18.605,2.9757846357443,"0"
1,0,"spiral","touch",0.719490903601033,2.02941176470588,2.3878321521803,4.389,0,0,0,6.91738183787433,7.04641448447822,11.9231295930857,34.5,5.17672811510941,13.8649062607958,29.5,5.50531658806891,"PretestAvg",18.605,2.9757846357443,"0"
1,1,"loops","pen",1.06163499827087,7.6,2.71738980138695,1.75,0.283031563961052,1.46509043375651,3.33784758517974,6.30977514097078,5.80364266787343,12.4314500679658,39,5.09508574290277,16.6622791695075,41.5,5.56637116359971,"1PostTestAvg",17.115,2.89674032434704,"1"
1,1,"loops","touch",0.732308360682057,4.375,2.47612412538779,3.472,0,0,0,6.89017214163694,6.46378179055799,10.8340421495015,35,5.17544028247796,17.6204081562444,31.5,5.66575154251008,"1PostTestAvg",17.115,2.89674032434704,"1"
1,1,"spiral","pen",1.01920824393323,2.31818181818182,2.99041893291162,2.877,0.634769731434923,2.77969156901042,4.47609794845267,6.7490932663154,6.53961587176644,16.2141850574712,34.5,5.68495882389762,14.312608815443,31.5,5.51837276469885,"1PostTestAvg",17.115,2.89674032434704,"1"
1,1,"spiral","touch",1.27874260472455,2.59375,3.26775842118435,3.139,0,0,0,6.90374381572391,6.81575499806984,21.1215808015471,41.5,5.95824219103111,21.0806410449299,43.5,5.98771385566499,"1PostTestAvg",17.115,2.89674032434704,"1"
1,2,"loops","pen",1.51342021060989,14.3333333333333,2.3909656568563,1.782,0.297633119173484,1.7203125,3.46487384711573,6.1533260678168,5.5592445310997,10.9801681572956,43,5.03080580305862,13.04494276608,29,5.33778613213257,"2PostTestAvg",17.805,2.9341227919223,"2"
1,2,"loops","touch",0.785690834190619,5.0625,2.25014281148381,1.915,0,0,0,6.30819004000377,5.77623421985396,10.8011134142424,40.5,5.02674204488207,12.5635519737169,27,5.2633003013211,"2PostTestAvg",17.805,2.9341227919223,"2"
1,2,"spiral","pen",1.36022388845149,5.09090909090909,3.33421215380705,3.531,0.448855952978838,2.40166473388672,4.06183682970647,7.01449734072281,7.00064619389412,19.5747987893364,56,5.90550120463512,20.007150034655,50,5.98688513071644,"2PostTestAvg",17.805,2.9341227919223,"2"
1,2,"spiral","touch",0.784057632865939,1.6875,2.53673389271369,3.223,0,0,0,6.72803787483377,6.84214260940826,13.0075763858129,27.5,5.32545309303717,15.6676213566182,33,5.70180511349289,"2PostTestAvg",17.805,2.9341227919223,"2"
1,3,"loops","pen",0.71232861266686,3.3,2.43361384877995,1.538,0.315991003447762,1.71145413716634,3.44047439593735,6.06137226627855,5.28701084515733,9.25102531064777,21,4.91029420936169,10.8722533837448,25.5,5.09164743367646,"3PostTestAvg",17.205,2.9016962816274,"3"
1,3,"loops","touch",0.462616612263283,1.8125,1.92138049752176,1.932,0,0,0,6.19294747321562,5.49652318927727,7.14881852183622,18,4.6275548647969,10.4676410314982,22.5,4.90653814433812,"3PostTestAvg",17.205,2.9016962816274,"3"
1,3,"spiral","pen",1.016470083394,3.65,2.95245191553101,2.648,0.533103162805793,2.97187093098958,4.2873867456196,6.53173494954071,6.57759878795844,14.689762116006,36.5,5.53826701847193,15.7069367167772,35,5.58440882596915,"3PostTestAvg",17.205,2.9016962816274,"3"
1,3,"spiral","touch",0.605493350008643,1.47058823529412,2.30602456336887,4.155,0,0,0,6.69287334887016,6.84651581467422,10.0572797760639,25,5.12464994331961,12.7389633507203,30.5,5.4192201270901,"3PostTestAvg",17.205,2.9016962816274,"3"
1,4,"loops","pen",0.602747771959072,4.6,1.82317480008288,1.755,0.249562423731313,1.18992538452148,3.2003307971616,6.11571262313689,5.00514771606661,7.17210518345118,23,4.65897713321477,5.97233541840903,12.5,4.33660805633463,"4PostTestAvg",17.535,2.9196608366027,"4"
1,4,"loops","touch",0.41901392355349,2.38888888888889,1.73970912798944,2.398,0,0,0,6.24004174723345,5.47088635429854,6.41310877033453,21.5,4.31719757417698,8.5576651312621,17,4.65824797817461,"4PostTestAvg",17.535,2.9196608366027,"4"
1,4,"spiral","pen",0.787690141909742,3.83333333333333,2.60552985262689,3.916,0.370158713369186,2.46510009765625,3.82425503927626,6.76931923399519,6.82799598229838,11.5957289798771,25.5,5.35278321901959,10.788792666168,26.5,5.20871259169523,"4PostTestAvg",17.535,2.9196608366027,"4"
1,4,"spiral","touch",0.658450060502004,1.84375,2.36580732105497,4.355,0,0,0,6.82745605331858,7.01574963644186,10.916382899151,29.5,5.21972009278107,12.9734827312001,27.5,5.43390792231022,"4PostTestAvg",17.535,2.9196608366027,"4"
2,0,"loops","pen",1.06460718790178,3.45454545454545,2.92076080117816,2.32,0.226176034015159,1.22551854451497,3.17469478397472,6.64469718565541,6.31122519977843,16.3603752839788,38,5.58949031755958,20.9888980158308,47.5,5.81449399398192,"PretestAvg",16.475,2.86077128811987,"0"
2,0,"loops","touch",0.621395901239589,1.4375,2.22875249736079,2.94,0,0,0,6.80686461059583,6.48484693408468,10.2122219231483,23.5,5.07918768462359,17.9402881949891,36,5.63074985038048,"PretestAvg",16.475,2.86077128811987,"0"
2,0,"spiral","pen",0.674042084161443,4.66666666666667,2.31697144115045,4.664,0.145246207519733,1.03829574584961,2.48944088402073,6.80022230015787,6.68331411455234,9.31793113480944,24,5.06235691062752,8.86788156190092,20.5,5.01795821521721,"PretestAvg",16.475,2.86077128811987,"0"
2,0,"spiral","touch",0.721492409164657,2.5625,2.46759595495168,5.563,0,0,0,7.26347269665079,7.18013119676192,11.7991406718227,38,5.31075418601708,10.4044693691504,24.5,5.27116879269113,"PretestAvg",16.475,2.86077128811987,"0"
2,1,"loops","pen",0.93155922863109,4,2.7429023168734,2.44,0.197033835330057,1.16239471435547,2.93606827175145,6.75857444649691,6.30140803095205,12.6524503740127,27.5,5.313828145306,18.5402472754515,38.5,5.70467638287317,"1PostTestAvg",16.945,2.88731152459957,"1"
2,1,"loops","touch",0.715113731407301,1.5,2.35216912537178,2.573,0,0,0,6.78200910980468,6.40996359687322,11.7588605874874,22,5.10111684876873,17.4167246448115,30.5,5.47063335119357,"1PostTestAvg",16.945,2.88731152459957,"1"
2,1,"spiral","pen",0.405239419323407,1.7,1.75039771820975,5.984,0.226058091174356,1.18345489501953,3.12012766353284,6.78200975437896,6.45134774899286,6.13730108074634,16,4.54104909180225,4.76913785436557,12,4.19287342519984,"1PostTestAvg",16.945,2.88731152459957,"1"
2,1,"spiral","touch",0.248279641768743,0.5625,1.09020785465348,7.612,0,0,0,6.8265984944257,6.64778731501272,4.12519657042652,9,3.93721881347709,3.56978249950543,7,3.7337613150294,"1PostTestAvg",16.945,2.88731152459957,"1"
2,2,"loops","pen",0.658021373240652,2.8,2.33055432495446,2.72,0.11383491972662,0.785256830851237,2.20735683698902,6.97920522648262,6.27791024431283,10.0755277858086,22.5,4.97535976009548,15.5220487862203,34.5,5.44160711823485,"2PostTestAvg",15.455,2.8006293823953,"2"
2,2,"loops","touch",0.733064743357613,1.875,2.34350901538182,2.69,0,0,0,6.88223060811262,6.3729082154215,11.9987573203414,23,5.09438896667492,18.9301911210164,34.5,5.68773331163984,"2PostTestAvg",15.455,2.8006293823953,"2"
2,2,"spiral","pen",0.534759136164694,2,2.15286920131423,5.491,0.313661537578284,1.44852142333984,3.40057246569161,6.9448266192734,6.8109072900722,8.47896750175892,22,4.91529424666142,7.62822335724349,18.5,4.85262540357972,"2PostTestAvg",15.455,2.8006293823953,"2"
2,2,"spiral","touch",0.394602533507127,0.84375,1.68304233934382,7.121,0,0,0,6.93620229718447,6.86124883397212,6.55721699529771,14,4.511053752672,5.71740361301466,13.5,4.40331210402975,"2PostTestAvg",15.455,2.8006293823953,"2"
2,3,"loops","pen",0.720738269256424,3.16666666666667,2.49803650400603,2.626,0.115839621537865,0.732132466634115,2.24792658989972,6.94417984391281,6.41750911397821,10.928923212176,20.5,5.09160094444049,16.9188537607499,32.5,5.58352864304942,"3PostTestAvg",15.305,2.79147180924128,"3"
2,3,"loops","touch",1.01413965160111,3.5625,2.83584354267736,2.239,0,0,0,6.54493399893996,6.25745897714979,15.6010767909576,32,5.49023564604902,25.3933656598782,41,5.7529376962829,"3PostTestAvg",15.305,2.79147180924128,"3"
2,3,"spiral","pen",0.596505928079997,1.75,2.29741810306746,5.979,0.14458843421106,0.827829360961914,2.45796567892805,7.12459706259477,7.15246059022395,9.52807879467397,26,5.09256961650379,9.24856402214639,28,5.12333980286752,"3PostTestAvg",15.305,2.79147180924128,"3"
2,3,"spiral","touch",0.586882381540002,1.15625,2.03539103520184,4.937,0,0,0,7.05589426737565,6.91729370056758,9.72896489895544,19.5,4.9259614123116,9.03658480112473,18,5.02922397804891,"3PostTestAvg",15.305,2.79147180924128,"3"
2,4,"loops","pen",0.947202527895342,2.81818181818182,2.90154637443106,2.466,0.111593247347409,0.69240976969401,2.11665609891182,6.80627967270145,6.3975912739238,14.0313308874828,32.5,5.40349820421664,18.5722065890173,35.5,5.66522285244894,"4PostTestAvg",14.09,2.71403227277976,"4"
2,4,"loops","touch",0.745997433891844,1.55555555555556,2.34573187491689,2.657,0,0,0,6.86908048123962,6.35489849986006,12.2199230066509,24,5.14903651493095,19.4635992116543,35.5,5.66585125970302,"4PostTestAvg",14.09,2.71403227277976,"4"
2,4,"spiral","pen",0.53617124025583,2.4,2.14257067459322,4.969,0.200197901448071,1.05388692220052,2.93498083515619,6.80421835859674,6.5515410947357,8.17620396787429,21.5,4.93103537216768,7.51169469517106,20,4.85804233548247,"4PostTestAvg",14.09,2.71403227277976,"4"
2,4,"spiral","touch",0.564787506468696,1.34375,2.22755417649889,5.938,0,0,0,7.02761360249301,6.85693640919187,9.37840901779276,22,5.08220058510845,7.87448355742084,22.5,4.90153060510946,"4PostTestAvg",14.09,2.71403227277976,"4"
3,0,"loops","pen",0.257797244054896,1.4375,1.17940714262774,3.965,0.191177783789056,1.16162045796712,2.90250547006465,6.76711363831299,6.16042313291897,3.48777423528035,11.5,3.74593540402868,7.4604313828695,19.5,4.5619531717507,"PretestAvg",20.13,3.05069383162797,"0"
3,0,"loops","touch",0.182621579694594,0.625,0.865744043468502,5.929,0,0,0,6.95165995059914,6.7657995379617,2.98898425208544,10,3.50697693346432,8.37414132779331,13.5,4.62410011963773,"PretestAvg",20.13,3.05069383162797,"0"
3,0,"spiral","pen",0.274214142388586,1.6,1.38548552028546,20.925,0.2391958254795,1.41497624715169,3.27456039339841,7.59899528180047,7.39087070782227,3.96866908323615,9,3.85027291249063,3.63602615368305,7.5,3.79772372616034,"PretestAvg",20.13,3.05069383162797,"0"
3,0,"spiral","touch",0.445383562265,0.911764705882353,1.70226209113003,5.521,0,0,0,7.02087528842139,7.01657616817483,7.37491582293462,15.5,4.48398394348978,7.09202325149797,12,4.62536579969597,"PretestAvg",20.13,3.05069383162797,"0"
3,1,"loops","pen",0.279183308493866,2.7,1.10297651624502,4.11,0.18080126068264,1.11122042338053,2.8942937153231,6.63157498717401,6.3392006514548,3.51738367992564,13.5,3.72733247027927,9.08274413180595,15,4.78976079557238,"1PostTestAvg",20.5,3.06805293513362,"1"
3,1,"loops","touch",0.249204811668892,0.722222222222222,1.05803278846078,4.548,0,0,0,6.80773965569644,6.5102153798544,4.09875197474764,11,3.813768198094,8.85268920561436,16,4.69461911669172,"1PostTestAvg",20.5,3.06805293513362,"1"
3,1,"spiral","pen",0.460289208878883,1.83333333333333,1.92234504234862,10.588,0.216844530416248,1.1465461730957,3.14457540780481,7.11368228876264,7.0218679584589,7.04362815938218,16,4.72454118475528,6.98836888513046,18,4.68562991802421,"1PostTestAvg",20.5,3.06805293513362,"1"
3,1,"spiral","touch",0.50011701839813,0.970588235294118,2.00208781038511,4.581,0,0,0,6.78902656505556,6.83684285566147,8.28299161452725,16.5,4.82702289163689,8.26309250492758,16,4.80119607575611,"1PostTestAvg",20.5,3.06805293513362,"1"
3,2,"loops","pen",0.235535317474792,2,1.12129508792103,3.736,0.163450453087617,1.24189783732096,2.61543359884783,6.52660165502083,6.27299902729188,3.11474859414447,10,3.55218908864823,9.46884980362669,15,4.81767186924102,"2PostTestAvg",18.59,2.97501923195645,"2"
3,2,"loops","touch",0.32742514284256,1.8125,1.51692149361527,3.423,0,0,0,6.86551302139711,6.37084422799845,5.11764014140024,16,4.15574640116774,11.8932986495962,20.5,5.02012046540958,"2PostTestAvg",18.59,2.97501923195645,"2"
3,2,"spiral","pen",0.521461125005064,2.1,2.09137878941504,5.568,0.27831201022189,2.04219169616699,3.45911716149961,6.94833884692449,6.76907365538123,7.58866472409842,20,4.79088501947071,6.56939119971135,17.5,4.66876211711345,"2PostTestAvg",18.59,2.97501923195645,"2"
3,2,"spiral","touch",0.620037950028313,1.25,2.24517461909602,5.854,0,0,0,7.12654925783894,7.05282082430756,10.2706723226782,20,5.11853368697333,8.27473789744004,18.5,4.81825552800667,"2PostTestAvg",18.59,2.97501923195645,"2"
3,3,"loops","pen",0.359947622766818,3,1.31811715197339,3.316,0.16267510218317,1.04849510192871,2.7315455766344,6.72347574224242,6.31635651606462,4.36137249201949,15,3.98209423375112,11.4226226561644,20.5,5.1338368774272,"3PostTestAvg",18.075,2.94837857717052,"3"
3,3,"loops","touch",0.332785117379672,1.875,1.36917123378522,3.148,0,0,0,6.57725700354884,6.53728071023262,5.13461794688343,15,4.15048015371191,14.4452472968853,27.5,5.25072694480799,"3PostTestAvg",18.075,2.94837857717052,"3"
3,3,"spiral","pen",0.781043357198471,6.66666666666667,2.4887221204614,4.067,0.190891765060818,1.21847457885742,2.93906067547928,6.85005596362691,6.57975127637023,10.4200250996302,22.5,5.25736614087982,8.70116997795367,19,4.96837363260918,"3PostTestAvg",18.075,2.94837857717052,"3"
3,3,"spiral","touch",0.650128600345366,1.21875,2.29782951349861,5.18,0,0,0,7.07986384566418,7.11292566824061,10.77550741105,19.5,5.13271895064921,9.54698952608743,20,5.02620049633776,"3PostTestAvg",18.075,2.94837857717052,"3"
3,4,"loops","pen",0.300915842486168,2.6,1.14385875411673,3.298,0.157807620012075,1.2419002532959,2.54760418071601,6.58285571845402,6.33678180865771,3.86288307765609,13,3.83643023704001,11.2832780336248,22,5.18619813581251,"4PostTestAvg",17,2.89037175789616,"4"
3,4,"loops","touch",0.28036960023475,1.44444444444444,1.16859807916954,3.123,0,0,0,6.53831097727572,6.29331752476885,4.45694217580647,13,3.96991521967367,12.1630043573611,19,5.2017530689397,"4PostTestAvg",17,2.89037175789616,"4"
3,4,"spiral","pen",0.482418159554409,1.54545454545455,2.01462115431114,5.588,0.205711569168647,1.38042449951172,3.03158071275476,6.87336698732384,6.75093705781694,7.4085136629291,17,4.8091080553568,6.56497724053237,13.5,4.61649685886519,"4PostTestAvg",17,2.89037175789616,"4"
3,4,"spiral","touch",0.552571658547909,1.44444444444444,2.06904782894294,5.055,0,0,0,6.80031206082764,6.81894799503816,9.04414406346892,18,4.92473477310923,8.27404301714501,15.5,4.7609121822689,"4PostTestAvg",17,2.89037175789616,"4"
4,0,"loops","pen",0.556407938256619,3.05555555555556,1.9772881865271,2.129,0.434463534337362,2.67291666666667,3.842707156298,6.35762662739256,5.49978085300366,7.40389987855229,27.5,4.60641393569189,9.15247785309741,17.5,4.94445404119555,"PretestAvg",16.325,2.85215054507597,"0"
4,0,"loops","touch",0.725207056968476,5.625,2.23063848165658,2.507,0,0,0,6.56842611531764,5.6364211618785,10.1005267636274,45,4.84343330870269,9.62734537746928,26.5,4.91164050953125,"PretestAvg",16.325,2.85215054507597,"0"
4,0,"spiral","pen",0.835463930087079,3.8,2.72405103140455,3.334,0.395823758748891,2.77612050374349,3.70306501325534,6.68165197379083,6.62433437761645,12.3973436722267,23.5,5.44531456478549,12.3246348783306,30.5,5.36799808290027,"PretestAvg",16.325,2.85215054507597,"0"
4,0,"spiral","touch",1.30448827180761,4.1875,3.31204395879642,3.347,0,0,0,6.90906476707349,6.98354464627923,21.1114327738968,43,6.04001601602791,20.8254799940573,38.5,6.05139916958254,"PretestAvg",16.325,2.85215054507597,"0"
4,1,"loops","pen",0.876596883355084,3.9,2.74908067730459,2.028,0.30525213319293,2.06848958333333,3.32843495882386,6.60170608462747,5.97055526071082,12.1487089450796,25.5,5.13192520995773,17.8751945624421,33.5,5.59148263682879,"1PostTestAvg",16.97,2.88870370079547,"1"
4,1,"loops","touch",0.93937609040065,5.22222222222222,2.59503035471969,2.015,0,0,0,6.33044773692343,6.07642243206297,13.3950486773424,47,5.1760783310748,20.7442426685521,31.5,5.65090457492771,"1PostTestAvg",16.97,2.88870370079547,"1"
4,1,"spiral","pen",1.09121518989469,3.58333333333333,3.05261928878577,2.439,0.477894526334488,2.9129035949707,3.98966140223151,6.33506945459721,6.4145396532727,16.0994563411699,43,5.65628522738716,18.6434548996699,47,5.80176266643177,"1PostTestAvg",16.97,2.88870370079547,"1"
4,1,"spiral","touch",1.49553353036435,7.33333333333333,3.49543787111884,2.782,0,0,0,6.75810316123431,6.93777492440946,23.6010339878842,66,6.06716732708929,24.6577745694413,55.5,6.02769375038481,"1PostTestAvg",16.97,2.88870370079547,"1"
4,2,"loops","pen",0.726243932339408,3.5,2.35173408731134,1.861,0.318604097053816,2.05382843017578,3.36494356926104,6.27921093101769,5.72088864600239,9.82385325050567,25,4.94364212936391,14.8704048231933,29.5,5.34264815934657,"2PostTestAvg",15.605,2.80970385482871,"2"
4,2,"loops","touch",0.741291842249351,4.375,2.27206707760924,2.398,0,0,0,6.73078654512212,6.25794022704227,10.9718415087682,35,5.01148020488988,17.5968015730776,28.5,5.48918111089482,"2PostTestAvg",15.605,2.80970385482871,"2"
4,2,"spiral","pen",1.44855836609184,10,3.19480593909386,2.722,0.326363120925584,1.93249231974284,3.55602693617584,6.6552687206672,6.57143638533786,17.5424598531272,43,5.75555555045239,18.3311779880495,34.5,5.79281793683876,"2PostTestAvg",15.605,2.80970385482871,"2"
4,2,"spiral","touch",1.26257242558494,4.16666666666667,3.24640797389903,3.023,0,0,0,6.88109085227956,6.86354970364261,20.3591060505475,39.5,5.96752473935689,19.9852056768487,40,5.93500575324336,"2PostTestAvg",15.605,2.80970385482871,"2"
4,3,"loops","pen",0.659475405338089,4,1.99941159845316,2.156,0.181733212412305,1.19522552490234,2.72525490460526,6.40710015733136,5.86464105798712,6.94120578074385,32,4.47992271546717,9.86131225054923,18.5,5.01182410411403,"3PostTestAvg",15.655,2.81271047164564,"3"
4,3,"loops","touch",0.654232034174236,2.38888888888889,2.33123324214031,1.99,0,0,0,6.35655662556131,5.97639133630511,10.4703733939275,22,4.95677811600022,14.6458243938779,26,5.40153201914386,"3PostTestAvg",15.655,2.81271047164564,"3"
4,3,"spiral","pen",0.973995014841931,5.3,2.76997906612398,2.636,0.303908184373869,2.12184079488119,3.38520162715479,6.36547297940612,6.44912346681396,13.7413777282727,38,5.47692143948883,13.8604196296981,27,5.51668258957597,"3PostTestAvg",15.655,2.81271047164564,"3"
4,3,"spiral","touch",1.19743701011557,5,3.20889454108589,3.04,0,0,0,6.77298274417146,6.70757806595465,19.019829701042,43.5,5.97251083936339,16.886954789664,35,5.67986778267465,"3PostTestAvg",15.655,2.81271047164564,"3"
4,4,"loops","pen",1.16642922210489,10.3333333333333,2.39460315106976,1.952,0.25896513923501,1.88853314717611,3.06161659781097,6.44295229654381,5.76716973938091,10.7605133021088,34.5,4.97650048131491,14.9643640279184,26.5,5.20633052308935,"4PostTestAvg",14.62,2.74855214441154,"4"
4,4,"loops","touch",0.871136902148461,4.83333333333333,2.51002625481264,1.849,0,0,0,6.36434024556274,5.7503218563127,12.2442693450935,43.5,5.16156676770225,16.8113169527694,30.5,5.37293068008178,"4PostTestAvg",14.62,2.74855214441154,"4"
4,4,"spiral","pen",1.47762913312867,7.6,3.43321142635425,2.785,0.281198544548354,1.71000900268555,3.31403565435645,6.67859361769759,6.74680326544198,21.0755228084162,59,5.92947756339805,19.9576536169681,43,5.92270832307037,"4PostTestAvg",14.62,2.74855214441154,"4"
4,4,"spiral","touch",1.52686018302187,6.05555555555556,3.46049451413845,2.532,0,0,0,6.65614303408901,6.43854709250247,24.3522309420447,54.5,5.9794352457217,20.1949734203154,42.5,5.87576598535702,"4PostTestAvg",14.62,2.74855214441154,"4"
5,0,"loops","pen",0.549967447398708,2.22727272727273,2.18760428972996,3.212,0.570119289925913,3.38541666666667,4.31093572478523,7.09628149370772,6.73327996350101,8.21656851454,24.5,4.8846660871234,18.4460137222851,36,5.78904813161417,"PretestAvg",17.315,2.90772039623078,"0"
5,0,"loops","touch",0.457725662622895,2.4375,1.95466828108927,8.877,0,0,0,7.37353334853665,7.13493955119437,7.27090581898648,20,4.78821385062727,15.7225854622548,31.5,5.62721099700427,"PretestAvg",17.315,2.90772039623078,"0"
5,0,"spiral","pen",1.37163801641125,7.3,3.34090315786835,3.698,0.474439872669845,3.47499593098958,4.05802097911399,7.0946373305766,7.05599883936208,20.0521416524384,57.5,5.94204128211629,18.246375201658,43,5.89223356664268,"PretestAvg",17.315,2.90772039623078,"0"
5,0,"spiral","touch",1.02150575112012,2.5,3.0359786829324,4.555,0,0,0,7.16676115436303,7.22677658522107,16.9354723577147,40.5,5.90450586437928,14.8025889734264,39.5,5.68637839955824,"PretestAvg",17.315,2.90772039623078,"0"
5,1,"loops","pen",0.610225424922621,2.16666666666667,2.20485170372308,3.158,0.605726070073602,4.06457926432292,4.33344704265853,7.0598457029703,6.84614045686752,9.19904466885102,20.5,4.91754072781976,24.3649272287939,48.5,6.16375129118153,"1PostTestAvg",15.71,2.8160073426073,"1"
5,1,"loops","touch",0.388778137314102,2.16666666666667,1.70860518158834,11.276,0,0,0,7.15609496008219,7.28865133214905,6.83074153352943,19.5,4.54396101033382,15.6326444845664,34,5.73780728677353,"1PostTestAvg",15.71,2.8160073426073,"1"
5,1,"spiral","pen",1.46821399749851,12,3.33446677887736,4.084,0.622559998085447,3.93645426432292,4.44724139705221,7.31240343531883,7.32228528053975,19.8260442182233,52,5.98958657234604,19.6115009324406,50,6.03226754165258,"1PostTestAvg",15.71,2.8160073426073,"1"
5,1,"spiral","touch",0.99510129405637,8.1875,2.70268748774379,4.981,0,0,0,7.32749899761835,7.24721727988952,14.8691500217692,65.5,5.55534020188082,13.7048733966161,31.5,5.53142196124578,"1PostTestAvg",15.71,2.8160073426073,"1"
5,2,"loops","pen",0.687335004970246,4.5,2.3557519760244,2.866,0.563005499135341,3.69186655680339,4.13762469933518,6.92981583771572,6.67542122560945,9.76306113028655,27,5.0090562108547,21.3032187574229,39.5,5.8691739076226,"2PostTestAvg",16.21,2.84549061022345,"2"
5,2,"loops","touch",0.558123213821778,2.5,2.13492929404635,3.314,0,0,0,6.90338664173866,6.77111128600173,8.37397428188264,20,4.7868518032301,20.58943299957,42,5.88102692590843,"2PostTestAvg",16.21,2.84549061022345,"2"
5,2,"spiral","pen",1.45585081355135,11.1666666666667,3.32365159492227,3.715,0.468199447296945,4.16666666666667,3.78731003525172,7.1656948783522,7.11259753321946,19.3297168827929,39.5,6.00448731687762,18.8602149761843,46,5.9756583797911,"2PostTestAvg",16.21,2.84549061022345,"2"
5,2,"spiral","touch",0.973535997734864,5.11111111111111,2.88436633182158,4.814,0,0,0,7.40897257322044,7.36289040987262,15.5865035306035,46,5.66226139111763,16.0323700137223,57.5,5.67548822036785,"2PostTestAvg",16.21,2.84549061022345,"2"
5,3,"loops","pen",0.89453008163028,5.5,2.62251337055069,2.61,0.544638401140905,3.78542073567708,4.18743635911282,6.97634348984834,6.81282147726972,12.2535687965804,34,5.21257104350001,25.8430244719994,50.5,5.93010471691763,"3PostTestAvg",15.795,2.82108122306426,"3"
5,3,"loops","touch",0.618051613613874,2.27777777777778,1.97645246499421,6.821,0,0,0,7.27297719517994,7.14263213952825,8.13019599416307,25,4.78120601958136,16.5364208772544,45.5,5.7967705359614,"3PostTestAvg",15.795,2.82108122306426,"3"
5,3,"spiral","pen",1.58840625179829,10,3.43794303086619,3.157,0.470508447518279,3.19375,4.00719562418168,7.01184218813101,6.91926699276217,21.5263025459086,50,5.98153108999992,21.0815175652372,57.5,6.02059336024142,"3PostTestAvg",15.795,2.82108122306426,"3"
5,3,"spiral","touch",1.2298930154955,2.5,3.21669982257535,3.497,0,0,0,7.02943837892822,7.10865530118988,20.3645095150072,40,5.99500673655527,23.0311330681988,79.5,6.00587326965098,"3PostTestAvg",15.795,2.82108122306426,"3"
5,4,"loops","pen",0.630157213046964,2.22727272727273,2.39964365757012,2.891,0.456257923456547,3.3359375,3.82097021787568,6.87537487136757,6.52938707029041,9.27300053709903,24.5,4.90784828459207,17.5349426193055,34,5.67242109085019,"4PostTestAvg",16.58,2.86676189225703,"4"
5,4,"loops","touch",0.602240121629449,3.75,2.12636974243398,2.998,0,0,0,6.95812925548822,6.64944348918391,9.01177100100672,30,4.96242829520322,18.8665536325983,32,5.64370447975885,"4PostTestAvg",16.58,2.86676189225703,"4"
5,4,"spiral","pen",1.19552182003817,2.40625,3.22293325736943,3.198,0.521383044359243,3.19729817708333,4.19839230252799,6.95207678805311,6.92633550595745,18.9646644722792,39.5,5.97502107375958,18.9760046456829,72.5,5.92405064018421,"4PostTestAvg",16.58,2.86676189225703,"4"
5,4,"spiral","touch",1.12740833538424,4.9375,3.02132831628311,3.264,0,0,0,6.88034771844427,6.97322832210873,18.0316583461534,39.5,5.70955485542149,16.1667582462911,30.5,5.64894028596565,"4PostTestAvg",16.58,2.86676189225703,"4"
6,0,"loops","pen",0.739276717915803,2.1,2.54375225734343,3.232,0.171448733875932,1.01757342020671,2.76743259045868,7.05856293964492,6.57428917478355,10.1499944302779,20.5,5.12557881920802,13.5066127020588,27.5,5.49012732091507,"PretestAvg",18.285,2.95932759166019,"0"
6,0,"loops","touch",0.865788236588368,1.6875,2.60105285205755,3.123,0,0,0,6.95257027930387,6.7102592265812,14.3179970798546,27,5.3681236337472,19.0061234251613,33.5,5.70265107486655,"PretestAvg",18.285,2.95932759166019,"0"
6,0,"spiral","pen",0.652773343615302,2,2.45829200568194,15.702,0.277852121097141,1.44136288960775,3.42492248924108,7.34258252868364,7.23997542403518,10.2403027991578,28,5.22334732904762,9.84933017847097,25,5.19442248879821,"PretestAvg",18.285,2.95932759166019,"0"
6,0,"spiral","touch",1.20067721117971,2.375,3.16832904624519,4.897,0,0,0,7.34813929320364,7.52599470845396,19.8999518175501,38,6.01916054922499,18.9739918915473,32.5,5.8286455349255,"PretestAvg",18.285,2.95932759166019,"0"
6,1,"loops","pen",0.969138205643081,4,2.85432407830525,2.471,0.33758929406095,1.88034388224284,3.62967113534686,6.76868835710486,6.22763158713104,14.7771473151637,32,5.33520169471126,14.3960164916459,25.5,5.26644448376621,"1PostTestAvg",17.54,2.91993056013771,"1"
6,1,"loops","touch",1.07365275942431,4.75,2.86525175389837,2.581,0,0,0,6.74347855135672,6.40530285753633,16.8815276267359,38,5.57277170774202,18.3383404072197,31.5,5.63497129472254,"1PostTestAvg",17.54,2.91993056013771,"1"
6,1,"spiral","pen",1.41151076287854,4.91666666666667,3.42771410413391,4.577,0.521543013471683,2.332568359375,4.13465043411963,7.32337049454417,7.24607840236289,21.4026083985506,59,6.11265609346215,16.6238563613978,37.5,5.78660237292415,"1PostTestAvg",17.54,2.91993056013771,"1"
6,1,"spiral","touch",1.50413206905326,2.96875,3.46136392564346,5.947,0,0,0,7.42411618276745,7.34450726046009,24.9609321836853,47.5,6.17016308443407,19.8084154858698,34,5.93396789343525,"1PostTestAvg",17.54,2.91993056013771,"1"
6,2,"loops","pen",1.3794093471694,9,3.22162355517027,2.502,0.524822948902839,2.59792073567708,4.16613135002282,6.7582878729743,6.40413398271894,18.4793558884261,37,5.75545438630613,20.3984903373649,44,5.78126083791904,"2PostTestAvg",16.54,2.86448398694404,"2"
6,2,"loops","touch",0.961777580057676,6.625,2.66667250842163,2.464,0,0,0,6.68189135704716,6.27442858718874,13.5577742955057,53,5.36408394828072,17.223629780589,34.5,5.5453736109468,"2PostTestAvg",16.54,2.86448398694404,"2"
6,2,"spiral","pen",1.4080712409625,5.5,3.42933236306938,3.938,0.384210679624927,2.25916595458984,3.84177448862004,7.278805993516,7.01267529932629,20.253977154705,45.5,6.05001010152094,15.2180054505851,35.5,5.70101268086425,"2PostTestAvg",16.54,2.86448398694404,"2"
6,2,"spiral","touch",1.08771820517177,2.46875,3.1177245257512,5.946,0,0,0,7.21161847185561,7.07770327333306,17.9935433658135,39.5,5.91998274016447,14.6005937491916,30.5,5.63393772652126,"2PostTestAvg",16.54,2.86448398694404,"2"
6,3,"loops","pen",1.09551783309749,7.125,2.90687203759165,2.211,0.477198503769895,2.44843343098958,4.0942818571868,6.62047920151264,6.10909041458886,14.3711368779021,35,5.33408974976343,17.7709693866479,34.5,5.53921762158131,"3PostTestAvg",15.925,2.82879181879834,"3"
6,3,"loops","touch",1.36405309024353,5.375,3.16617267446785,2.407,0,0,0,6.78893877111988,6.44647301769522,21.7390414571714,43,5.70791445633132,23.9380659004705,41.5,5.70597210030854,"3PostTestAvg",15.925,2.82879181879834,"3"
6,3,"spiral","pen",1.46008012661381,4.58333333333333,3.4848910938852,3.311,0.407092192879528,2.15596593221029,3.84286537123124,7.07618166619567,6.97862126582534,23.1511580574922,55,6.16346921413314,16.4978594269572,41,5.69879214738559,"3PostTestAvg",15.925,2.82879181879834,"3"
6,3,"spiral","touch",1.57918880117836,3.38235294117647,3.59145560700753,3.539,0,0,0,7.09072688842834,6.99878963590166,26.1685127180305,57.5,6.1824999738285,20.2588807689608,38,5.98483309005167,"3PostTestAvg",15.925,2.82879181879834,"3"
6,4,"loops","pen",0.989747318188846,8.25,2.53488649213166,2.362,0.334559380749849,1.93510335286458,3.58347788030058,6.56902691107439,5.99084370992035,11.2694449064889,33,5.09603923818118,15.4533897655095,31,5.45110222094194,"4PostTestAvg",15.63,2.81120829320484,"4"
6,4,"loops","touch",1.21303546066933,4.5,3.03361524649884,2.04,0,0,0,6.61944006035198,6.21407987884802,19.3140069588011,42,5.62248111726503,22.580414042877,38.5,5.71001944768659,"4PostTestAvg",15.63,2.81120829320484,"4"
6,4,"spiral","pen",1.62481935325084,7.625,3.62696552488481,3.537,0.287195928026467,1.42235272725423,3.45083233887218,7.16211389097223,6.93348390029976,24.2444137211831,49.5,6.21450137740092,17.4553194841737,43,5.77691107233138,"4PostTestAvg",15.63,2.81120829320484,"4"
6,4,"spiral","touch",1.24370146276036,3.34375,3.16439869429063,4.605,0,0,0,7.30898447311033,7.27971996760359,20.6266572097514,53.5,6.01684805385532,16.1853422940392,26,5.58058951951531,"4PostTestAvg",15.63,2.81120829320484,"4"
7,0,"loops","pen",0.61805792612629,3,2.09701631005692,2.312,0.141871768783214,1.21931432088216,2.3943109701777,6.58795959700293,6.02190613935665,8.77270537951579,23,4.72266298814575,13.2057034207527,28,5.30198374048258,"PretestAvg",16.57,2.86619290219901,"0"
7,0,"loops","touch",0.529582286295708,1.21875,1.97203597595325,2.448,0,0,0,6.68705971163569,6.18045606428425,8.69977878546442,19.5,4.80735327551518,14.6666485448882,21.5,5.25624588330105,"PretestAvg",16.57,2.86619290219901,"0"
7,0,"spiral","pen",0.989092582508102,6.75,2.84560764899222,3.922,0.217168157733402,1.53252143859863,2.95520443035999,6.73837554557586,6.62654026478546,13.8228038042257,42,5.57492553212336,12.9474146031502,35.5,5.46980876948775,"PretestAvg",16.57,2.86619290219901,"0"
7,0,"spiral","touch",1.16097659159394,5.8125,3.17134776781486,4.006,0,0,0,6.99564498928824,6.9867363595089,18.4222175422383,50.5,5.86761170938279,17.1046919295505,38,5.77784338589596,"PretestAvg",16.57,2.86619290219901,"0"
7,1,"loops","pen",0.965094972092458,5.1,2.58428437746014,1.746,0.338632835865991,1.99635836283366,3.52049352351012,6.28085023781579,5.71769355905199,11.6772741933123,46,5.01825474292789,15.7565362174301,28,5.36998590281447,"1PostTestAvg",15.665,2.8133107117597,"1"
7,1,"loops","touch",0.775146044307436,5.11111111111111,2.36779488955264,1.982,0,0,0,6.45791747272239,6.2636218115296,10.7496172012054,46,4.9603539343275,19.3967386710854,32,5.64548968326951,"1PostTestAvg",15.665,2.8133107117597,"1"
7,1,"spiral","pen",1.70200885519872,10.5,3.56301082493163,2.645,0.285311131636383,1.86666666666667,3.40585007705511,6.68303748440371,6.75633565095264,23.3037243535176,66.5,5.97520853069755,22.4603417246319,53.5,5.96628974404288,"1PostTestAvg",15.665,2.8133107117597,"1"
7,1,"spiral","touch",1.19176583153473,3.125,3.2033006247836,2.881,0,0,0,6.80761573764324,6.86101561174579,19.4542100584516,36.5,5.90588020387086,24.2983413517597,53,6.10665407764096,"1PostTestAvg",15.665,2.8133107117597,"1"
7,2,"loops","pen",1.18835150201737,10,2.68488899315132,2.158,0.161597949935746,0.914693705240885,2.55175513385781,6.51363506695,5.93303896959005,12.7103266573528,50,5.07548173313658,15.2502675256388,27,5.3999027180267,"2PostTestAvg",15.045,2.77539727456182,"2"
7,2,"loops","touch",0.661404991419154,4.25,2.07501763933577,2.448,0,0,0,6.50855802371383,6.233762817388,8.86939097102321,34,4.82623098468616,15.1678734431519,33.5,5.41088094833842,"2PostTestAvg",15.045,2.77539727456182,"2"
7,2,"spiral","pen",1.36381045719481,8.2,3.2331510576224,2.955,0.195385967722426,1.19090207417806,2.89015035980953,6.61565196433565,6.64623542595603,17.8593801281997,49.5,5.84780027715845,14.710253540942,35,5.56343190706442,"2PostTestAvg",15.045,2.77539727456182,"2"
7,2,"spiral","touch",1.31994411266955,5,3.32618030710005,3.148,0,0,0,6.87940101372972,6.82073079131857,21.3638601827212,45,6.03282016103899,19.8981070757252,41,6.01539903112031,"2PostTestAvg",15.045,2.77539727456182,"2"
7,3,"loops","pen",0.938282717528459,4.5,2.64858994435893,1.971,0.162228099725495,1.06613324483236,2.67697970530153,6.44697053421327,5.84133470266185,11.8424032427722,40.5,5.0818673089565,15.9614000585906,27.5,5.48332391574902,"3PostTestAvg",14.925,2.76789020145823,"3"
7,3,"loops","touch",0.588692288604186,4.5,1.87059187497891,2.524,0,0,0,6.54886739828803,6.28586850314079,8.42418611883106,40.5,4.64498497862557,16.7019884998356,33,5.5862896636659,"3PostTestAvg",14.925,2.76789020145823,"3"
7,3,"spiral","pen",0.835772329523707,2,2.76764483383548,3.201,0.23961024818914,1.44425252278646,3.20042762361212,6.61472832701366,6.43581912651702,13.1652186648187,30,5.53464155926639,10.3821401973378,26.5,5.16766022563595,"3PostTestAvg",14.925,2.76789020145823,"3"
7,3,"spiral","touch",1.15966111350813,5.5625,3.13349339693491,3.564,0,0,0,6.9312143401346,7.00225590480102,18.4903167094429,46,5.89275502590227,15.6562625233978,27,5.64051822108573,"3PostTestAvg",14.925,2.76789020145823,"3"
7,4,"loops","pen",1.20556251849553,6.625,3.01039158821884,2.12,0.152107352278895,1.13727760314941,2.38075276680094,6.55879348605545,6.28360550520301,15.7876774823349,53,5.45119781744482,20.2882423041056,40,5.74030403994847,"4PostTestAvg",17.475,2.91641846683427,"4"
7,4,"loops","touch",1.11712058746469,7.25,2.73627566735075,1.907,0,0,0,6.38720809554083,5.97695168528442,16.3455121144467,58,5.30846451085225,19.8328763813649,30,5.50862700563082,"4PostTestAvg",17.475,2.91641846683427,"4"
7,4,"spiral","pen",1.96118114508315,14.75,3.61994267257435,2.624,0.22451833247257,1.24357566833496,3.04788777984413,6.73015046199869,6.58304255334581,22.8032039886993,59,6.06293596198307,16.1892980465634,36,5.65873000288325,"4PostTestAvg",17.475,2.91641846683427,"4"
7,4,"spiral","touch",1.38968346081626,5.4375,3.44048742237715,3.14,0,0,0,6.9340977792811,6.78672935822847,22.4512870368921,52.5,5.97268949645312,17.7574865272046,39,5.72483119959361,"4PostTestAvg",17.475,2.91641846683427,"4"
8,0,"loops","pen",0.161417991681547,0.8,1.05109132224411,6.443,0.201629324395305,1.24395599365234,2.93910547318403,6.86758370144576,6.09124905195153,2.32994034092617,8.5,3.2338986088472,3.86018973286749,6,3.57772906085402,"PretestAvg",16.82,2.88032142204266,"0"
8,0,"loops","touch",0.152552800971403,0.411764705882353,0.882832731914035,6.571,0,0,0,7.03952221971496,5.9057904996739,2.53628444386806,7,3.25570298143186,4.33857841812189,7.5,3.89318701394359,"PretestAvg",16.82,2.88032142204266,"0"
8,0,"spiral","pen",0.245850027384747,1.4,1.14355598618422,13.749,0.308741354703159,2.3486457824707,3.46027782999665,7.41795837605909,7.18785419310265,3.6119246382126,8,3.79973639507544,3.08722816183091,9,3.63249048856713,"PretestAvg",16.82,2.88032142204266,"0"
8,0,"spiral","touch",0.324872968794481,0.625,1.54037534155994,11.725,0,0,0,7.69435813199247,7.65065861555267,5.37969564273355,9,4.18075814251522,5.43674966695292,12,4.37362887415732,"PretestAvg",16.82,2.88032142204266,"0"
8,1,"loops","pen",0.242045827791727,1.8,1.13670481242152,3.302,0.21245082470098,1.2582820892334,3.045052953157,6.49077305276236,5.33145145884339,3.39445213199154,9,3.65586574130425,4.24557410693624,7,3.8508937556472,"1PostTestAvg",15.995,2.83291918314808,"1"
8,1,"loops","touch",0.40960871627728,4.4375,1.48974547993056,4.364,0,0,0,7.09622354741852,5.9990351562255,5.83699044251151,35.5,4.23751935658102,8.04260080261594,19,4.69090883060535,"1PostTestAvg",15.995,2.83291918314808,"1"
8,1,"spiral","pen",0.311812427236665,1.5,1.44657824110656,7.134,0.359020300348703,2.04601109822591,3.78344297190818,6.78792576730338,6.496178999374,4.77217430869319,10.5,4.13843565511107,3.86510405232638,12,3.93930059127973,"1PostTestAvg",15.995,2.83291918314808,"1"
8,1,"spiral","touch",0.426732246349954,1.375,1.86508912403568,5.954,0,0,0,6.88950060656946,6.88377625808945,7.02765626978437,22,4.6405931403431,6.98425906247832,16,4.69921936407817,"1PostTestAvg",15.995,2.83291918314808,"1"
8,2,"loops","pen",0.228843502009297,1,1.00275474922898,3.986,0.0656187747776287,0.534842173258464,1.62160990280659,6.47417669902197,5.3457595096503,3.03726864852026,8,3.46670419269076,4.1821242319116,8,3.8175086224918,"2PostTestAvg",14.825,2.76159096803024,"2"
8,2,"loops","touch",0.315967305733442,2.5625,1.14924784297179,3.838,0,0,0,6.77526314875654,6.0686708408719,4.61103042117559,20.5,3.9679693046367,8.29645491558253,12.5,4.63608188270135,"2PostTestAvg",14.825,2.76159096803024,"2"
8,2,"spiral","pen",0.438464915825184,1.25,1.84973124982623,6.954,0.136127705172533,0.851048914591471,2.42669369164643,6.97764941478087,6.80684534699277,5.76891396932807,14,4.40558708660965,4.6438337413745,12.5,4.16496481536476,"2PostTestAvg",14.825,2.76159096803024,"2"
8,2,"spiral","touch",0.346017304174342,0.8125,1.44157690080544,8.594,0,0,0,7.2715324239436,7.21910147363635,5.69428742360932,13,4.25365062700615,5.78765917796622,15.5,4.46681396822464,"2PostTestAvg",14.825,2.76159096803024,"2"
8,3,"loops","pen",0.405538802982091,2.8,1.64196720222439,3.781,0.0703275712044574,0.587814203898112,1.6068158039694,6.94945359552506,6.13863647137798,5.19186328344683,19.5,4.30480674718746,8.72991150534895,17.5,4.7887658328113,"3PostTestAvg",15.92,2.82849635417808,"3"
8,3,"loops","touch",0.46742423742668,3.77777777777778,1.54398724264111,3.623,0,0,0,6.92898224319433,6.16261656186572,5.95970452628994,34,4.17721970238665,10.1654648181412,17.5,4.96346103509999,"3PostTestAvg",15.92,2.82849635417808,"3"
8,3,"spiral","pen",0.410871365813827,1.5,1.79265802249618,6.308,0.202895990442027,1.39089838663737,2.93734847191688,7.03043945605245,6.83628153360878,6.52813493990572,18.5,4.64192223987634,5.61419427634681,15.5,4.43453103334,"3PostTestAvg",15.92,2.82849635417808,"3"
8,3,"spiral","touch",0.42543480217706,1.1875,1.68565458517672,6.021,0,0,0,7.05207486927574,6.82776478357981,6.93084879947252,17,4.59943291712194,6.01967918739016,12,4.41845602573567,"3PostTestAvg",15.92,2.82849635417808,"3"
8,4,"loops","pen",0.476772501294605,6.33333333333333,1.31267879361632,4.294,0.10914633036357,0.62430419921875,2.22917732617939,6.8636825095124,6.41140547368075,4.25127486913366,19,4.01047457007891,7.74223243918364,13,4.63700874512308,"4PostTestAvg",15.145,2.78161040421024,"4"
8,4,"loops","touch",0.369069720707947,4.125,1.1711208028941,4.072,0,0,0,6.96237725950886,6.13438703990116,5.08612933683306,33,3.95027489566273,8.51282740709084,13,4.63041188605473,"4PostTestAvg",15.145,2.78161040421024,"4"
8,4,"spiral","pen",0.700687973125475,5.875,2.37752576654348,5.314,0.170612015692892,1.13009936014811,2.73394271589097,6.99897084155562,6.71574450305406,9.64847279995138,23.5,5.13414526448469,7.53051304432258,17,4.79059460047828,"4PostTestAvg",15.145,2.78161040421024,"4"
8,4,"spiral","touch",0.777724671297394,1.53125,2.51165318054448,3.698,0,0,0,6.78635104026407,6.81699038688444,12.8646194090491,24.5,5.36594427621252,11.9082671030182,22.5,5.25823582180091,"4PostTestAvg",15.145,2.78161040421024,"4"
9,0,"loops","pen",0.464578070757499,3.625,1.7588099859664,4.498,0.287692357102453,1.74277776082357,3.52947143302333,7.17992207022338,6.52119604692629,5.61916108128722,29,4.28138289344505,9.43405127683882,17.5,4.85218850532142,"PretestAvg",18.655,2.97833175887382,"0"
9,0,"loops","touch",0.376866767215803,3.375,1.5520653823595,4.264,0,0,0,6.98865693848509,6.51765237909497,5.3969083719716,27,4.20546596146641,10.2959212086662,15.5,4.78417768066886,"PretestAvg",18.655,2.97833175887382,"0"
9,0,"spiral","pen",0.649574453718122,2.125,2.43190933776502,6.429,0.478280871742023,2.0614559173584,3.89767394119478,7.39879724177205,7.43176064747786,10.1180935894271,25.5,5.24160628007884,9.90291335501131,25.5,5.17775085590042,"PretestAvg",18.655,2.97833175887382,"0"
9,0,"spiral","touch",0.437281059527397,0.794117647058823,1.77668564543404,6.23,0,0,0,7.07332520354287,7.20317337111342,7.24460140755633,13.5,4.6175900323982,7.7683295978951,14,4.7822325730525,"PretestAvg",18.655,2.97833175887382,"0"
9,1,"loops","pen",0.452842272432087,4,1.74453200925021,3.447,0.199966152790324,1.26971804300944,3.01322785355364,6.80710920884757,6.34163450781817,5.66826336775059,20,4.34662189117442,9.19579020575618,17,4.80244252322361,"1PostTestAvg",15.705,2.81570807580872,"1"
9,1,"loops","touch",0.42392407266704,3.125,1.65189064891051,3.273,0,0,0,6.74587898754776,6.31703815858567,6.11214627314843,25,4.43026882873532,10.8839425331877,17.5,4.82759013236068,"1PostTestAvg",15.705,2.81570807580872,"1"
9,1,"spiral","pen",0.609467108342278,2.5625,2.30989539796405,5.263,0.381450010784602,1.85805778503418,3.80921442950019,7.0302233502733,6.89325549077861,9.49911520380569,26,5.10268496075595,8.14034285028705,21.5,4.95547756420745,"1PostTestAvg",15.705,2.81570807580872,"1"
9,1,"spiral","touch",0.656244687793657,1.34375,2.41163386453636,4.071,0,0,0,6.89793621758227,6.95438783048549,10.8931161862358,22,5.25238205093717,11.0320769851722,27.5,5.26588561066029,"1PostTestAvg",15.705,2.81570807580872,"1"
9,2,"loops","pen",0.563912027455501,3.7,1.96932005110517,3.19,0.202861179003716,1.20400021870931,2.99305021894569,6.81063825888803,6.34819920302037,6.80405616194069,20.5,4.63136335887702,12.2393660887409,20,5.19172159269861,"2PostTestAvg",15.31,2.79177841663292,"2"
9,2,"loops","touch",0.544961155747363,4.38888888888889,1.88756879144425,3.031,0,0,0,6.72324466819733,6.27233223933468,7.92295879174445,39.5,4.65279593828339,13.6429541227875,21.5,5.16372840386327,"2PostTestAvg",15.31,2.79177841663292,"2"
9,2,"spiral","pen",0.827997418009334,2.79166666666667,2.76252395171282,4.161,0.26512469956293,1.58299611409505,3.28469428854406,6.88467444333802,6.96429718764862,12.8581524474152,33.5,5.53879100126369,11.8857128234999,25.5,5.393965303401,"2PostTestAvg",15.31,2.79177841663292,"2"
9,2,"spiral","touch",0.888142901294637,1.875,2.80755616603652,4.43,0,0,0,7.22481203366721,7.15361682672148,14.7465567570819,30.5,5.64441168956141,15.0793080150947,29.5,5.63592733670762,"2PostTestAvg",15.31,2.79177841663292,"2"
9,3,"loops","pen",0.740998209634833,8.16666666666667,1.85646749435112,3.101,0.219515291910404,1.31075248718262,3.03435823141208,6.86379656351324,5.82157225283782,6.26056340713069,24.5,4.47668531516782,8.62168822524934,14.5,4.78898238580522,"3PostTestAvg",15.995,2.83291918314808,"3"
9,3,"loops","touch",0.401039045717234,2.6875,1.66450672688469,2.823,0,0,0,6.49379831331663,6.14497526950526,5.90859163492952,21.5,4.3586491069668,11.0091652720013,15.5,4.80217849996261,"3PostTestAvg",15.995,2.83291918314808,"3"
9,3,"spiral","pen",0.934209799325794,3.45833333333333,2.94157852432064,3.939,0.43333197867735,2.28006057739258,4.01753824627283,6.96034149575678,6.98360736627959,14.427063108279,41.5,5.64060329203114,13.5998912949959,35,5.57419850103066,"3PostTestAvg",15.995,2.83291918314808,"3"
9,3,"spiral","touch",0.656613471635971,1.44117647058824,2.40648873043048,4.846,0,0,0,7.0404655697667,7.09847397393855,10.8999046384674,24.5,5.2759760603982,11.705911393009,24,5.30406528645122,"3PostTestAvg",15.995,2.83291918314808,"3"
9,4,"loops","pen",0.571226234974441,5.125,1.79800910731608,2.64,0.196724097043616,1.33771591186523,2.92135427002745,6.6419571014898,5.77275957093131,6.64349333990639,20.5,4.52504980988017,9.32667252628423,16.5,4.82378951836674,"4PostTestAvg",14.18,2.71997877196748,"4"
9,4,"loops","touch",0.406766520597707,2.72222222222222,1.64354175472026,3.064,0,0,0,6.67392788096347,6.30981219077234,6.20208515058071,24.5,4.39074266663457,12.0507089969539,19.5,5.07503690973398,"4PostTestAvg",14.18,2.71997877196748,"4"
9,4,"spiral","pen",0.767453571692156,2.79166666666667,2.60977188231773,3.769,0.308586467159913,1.6721560160319,3.42939766682105,6.70749532553613,6.73648170966478,12.2851623348687,33.5,5.40617500250773,11.2665960956743,26.5,5.28867405112858,"4PostTestAvg",14.18,2.71997877196748,"4"
9,4,"spiral","touch",1.02444691451924,2.3125,2.98814295221251,3.997,0,0,0,7.00059914849488,7.20795786530225,16.9897426022755,37,5.80952668425829,18.2102832629042,35.5,5.86833855436288,"4PostTestAvg",14.18,2.71997877196748,"4"
